{
    "success": true,
    "code": 0,
    "data": {
        "time": [
            1738256400,
            1738260000
        ],
        "open": [
            105657.3,
            105240.0
        ],
        "close": [
            105240.0,
            105523.3
        ],
        "high": [
            105657.4,
            105537.6
        ],
        "low": [
            104850.0,
            104704.1
        ],
        "vol": [
            2.0492413E7,
            1.5164388E7
        ],
        "amount": [
            2.1555558718113E8,
            1.594351956024E8
        ],
        "realOpen": [
            105657.3,
            105240.0
        ],
        "realClose": [
            105240.0,
            105523.3
        ],
        "realHigh": [
            105657.4,
            105537.6
        ],
        "realLow": [
            104850.0,
            104704.1
        ]
    }
}